-- INSERT INTO user (username, password, isAdmin, sign_up_date) VALUES ('admin', 'admin', 1, datetime('now'));

INSERT INTO weather (date, temperature, cloud, wind, pressure) VALUES ('2021-04-20 09:45:14', 10.38, 36, 4.73, 1023);
INSERT INTO weather (date, temperature, cloud, wind, pressure) VALUES ('2021-04-20 10:45:14', 9.62, 32, 4.16, 1023);
INSERT INTO weather (date, temperature, cloud, wind, pressure) VALUES ('2021-04-20 11:45:14', 8.31, 27, 3.45, 1023);
INSERT INTO weather (date, temperature, cloud, wind, pressure) VALUES ('2021-04-20 12:45:14', 6.68, 22, 3.05, 1024);
INSERT INTO weather (date, temperature, cloud, wind, pressure) VALUES ('2021-04-20 13:45:14', 4.92, 17, 2.7, 1024);
INSERT INTO weather (date, temperature, cloud, wind, pressure) VALUES ('2021-04-20 14:45:14', 3.32, 12, 2.45, 1024);
INSERT INTO weather (date, temperature, cloud, wind, pressure) VALUES ('2021-04-20 15:45:14', 3.3, 13, 2.22, 1023);
INSERT INTO weather (date, temperature, cloud, wind, pressure) VALUES ('2021-04-20 16:45:14', 3.87, 57, 2.37, 1023);
INSERT INTO weather (date, temperature, cloud, wind, pressure) VALUES ('2021-04-20 17:45:14', 4.76, 74, 2.29, 1023);
INSERT INTO weather (date, temperature, cloud, wind, pressure) VALUES ('2021-04-20 18:45:14', 5.17, 83, 2.4, 1022);
INSERT INTO weather (date, temperature, cloud, wind, pressure) VALUES ('2021-04-20 19:45:14', 5.34, 87, 2.16, 1022);
INSERT INTO weather (date, temperature, cloud, wind, pressure) VALUES ('2021-04-20 20:45:14', 5.5, 90, 1.95, 1023);
INSERT INTO weather (date, temperature, cloud, wind, pressure) VALUES ('2021-04-20 21:45:14', 5.91, 91, 2.16, 1023);
INSERT INTO weather (date, temperature, cloud, wind, pressure) VALUES ('2021-04-20 22:45:14', 6.73, 100, 1.95, 1023);
INSERT INTO weather (date, temperature, cloud, wind, pressure) VALUES ('2021-04-20 23:45:14', 8.15, 100, 1.79, 1023);
INSERT INTO weather (date, temperature, cloud, wind, pressure) VALUES ('2021-04-21 0:45:14', 9.94, 100, 1.88, 1023);
INSERT INTO weather (date, temperature, cloud, wind, pressure) VALUES ('2021-04-21 1:45:14', 12.36, 98, 2.2, 1022);
INSERT INTO weather (date, temperature, cloud, wind, pressure) VALUES ('2021-04-21 2:45:14', 12.69, 96, 2.53, 1022);
INSERT INTO weather (date, temperature, cloud, wind, pressure) VALUES ('2021-04-21 3:45:14', 12.69, 96, 2.53, 1022);
INSERT INTO weather (date, temperature, cloud, wind, pressure) VALUES ('2021-04-21 4:45:14', 12.42, 97, 2.96, 1022);
INSERT INTO weather (date, temperature, cloud, wind, pressure) VALUES ('2021-04-21 5:45:14', 13.59, 82, 2.87, 1022);
INSERT INTO weather (date, temperature, cloud, wind, pressure) VALUES ('2021-04-21 6:45:14', 13.64, 89, 3.26, 1021);
INSERT INTO weather (date, temperature, cloud, wind, pressure) VALUES ('2021-04-21 7:45:14', 13.71, 82, 3.55, 1021);
INSERT INTO weather (date, temperature, cloud, wind, pressure) VALUES ('2021-04-21 8:45:14', 13.46, 73, 4.08, 1021);

INSERT INTO energy_consumption (Time, V1, V2, V3, I1, I2, I3, P1, P2, P3, Q1, Q2, Q3, S1, S2, S3, PF1, PF2, PF3, F) VALUES (1622689247, 234.6, 234.1, 234.5, 0.0, 0.0, 0.0, 0.3, 0.0, 0.0, 0.0, 0.0, 0.0, 0.0, 0.0, 0.0, 1.0, 1.0, 1.0, 50.03);
INSERT INTO energy_consumption (Time, V1, V2, V3, I1, I2, I3, P1, P2, P3, Q1, Q2, Q3, S1, S2, S3, PF1, PF2, PF3, F) VALUES (1622692847, 234.5, 234.1, 234.5, 0.0, 0.0, 0.0, 0.5, 0.0, 0.0, 0.0, 0.0, 0.0, 0.0, 0.0, 0.0, 1.0, 1.0, 1.0, 50.0);
INSERT INTO energy_consumption (Time, V1, V2, V3, I1, I2, I3, P1, P2, P3, Q1, Q2, Q3, S1, S2, S3, PF1, PF2, PF3, F) VALUES (1622696447, 234.3, 233.9, 234.3, 0.0, 0.0, 0.0, 0.2, 0.0, 0.0, 0.0, 0.0, 0.0, 0.0, 0.0, 0.0, 1.0, 1.0, 1.0, 50.0);
INSERT INTO energy_consumption (Time, V1, V2, V3, I1, I2, I3, P1, P2, P3, Q1, Q2, Q3, S1, S2, S3, PF1, PF2, PF3, F) VALUES (1622700047, 234.5, 234.2, 234.5, 0.0, 0.0, 0.0, 1960, 0.0, 0.0, 0.0, 0.0, 0.0, 0.0, 0.0, 0.0, 1.0, 1.0, 1.0, 50.0);
INSERT INTO energy_consumption (Time, V1, V2, V3, I1, I2, I3, P1, P2, P3, Q1, Q2, Q3, S1, S2, S3, PF1, PF2, PF3, F) VALUES (1622703647, 234.7, 234.2, 234.6, 0.0, 0.0, 0.0, 3260, 0.0, 0.0, 0.0, 0.0, 0.0, 0.0, 0.0, 0.0, 1.0, 1.0, 1.0, 50.0);
INSERT INTO energy_consumption (Time, V1, V2, V3, I1, I2, I3, P1, P2, P3, Q1, Q2, Q3, S1, S2, S3, PF1, PF2, PF3, F) VALUES (1622707247, 234.5, 234.1, 234.5, 0.0, 0.0, 0.0, 2350, 0.0, 0.0, 0.0, 0.0, 0.0, 0.0, 0.0, 0.0, 1.0, 1.0, 1.0, 50.0);
INSERT INTO energy_consumption (Time, V1, V2, V3, I1, I2, I3, P1, P2, P3, Q1, Q2, Q3, S1, S2, S3, PF1, PF2, PF3, F) VALUES (1622710800, 234.5, 234.1, 234.7, 0.0, 0.0, 0.0, 4500, 0.0, 0.0, 0.0, 0.0, 0.0, 0.0, 0.0, 0.0, 1.0, 1.0, 1.0, 50.0);
INSERT INTO energy_consumption (Time, V1, V2, V3, I1, I2, I3, P1, P2, P3, Q1, Q2, Q3, S1, S2, S3, PF1, PF2, PF3, F) VALUES (1622714400, 234.6, 234.1, 234.5, 0.0, 0.0, 0.0, 1155, 0.0, 0.0, 0.0, 0.0, 0.0, 0.0, 0.0, 0.0, 1.0, 1.0, 1.0, 50.03);
INSERT INTO energy_consumption (Time, V1, V2, V3, I1, I2, I3, P1, P2, P3, Q1, Q2, Q3, S1, S2, S3, PF1, PF2, PF3, F) VALUES (1622718000, 234.5, 234.1, 234.5, 0.0, 0.0, 0.0, 3300, 0.0, 0.0, 0.0, 0.0, 0.0, 0.0, 0.0, 0.0, 1.0, 1.0, 1.0, 50.0);
INSERT INTO energy_consumption (Time, V1, V2, V3, I1, I2, I3, P1, P2, P3, Q1, Q2, Q3, S1, S2, S3, PF1, PF2, PF3, F) VALUES (1622721600, 234.3, 233.9, 234.3, 0.0, 0.0, 0.0, 2023, 0.0, 0.0, 0.0, 0.0, 0.0, 0.0, 0.0, 0.0, 1.0, 1.0, 1.0, 50.0);
INSERT INTO energy_consumption (Time, V1, V2, V3, I1, I2, I3, P1, P2, P3, Q1, Q2, Q3, S1, S2, S3, PF1, PF2, PF3, F) VALUES (1622725200, 234.5, 234.2, 234.5, 0.0, 0.0, 0.0, 5050, 0.0, 0.0, 0.0, 0.0, 0.0, 0.0, 0.0, 0.0, 1.0, 1.0, 1.0, 50.0);
INSERT INTO energy_consumption (Time, V1, V2, V3, I1, I2, I3, P1, P2, P3, Q1, Q2, Q3, S1, S2, S3, PF1, PF2, PF3, F) VALUES (1622728800, 234.3, 233.9, 234.3, 0.0, 0.0, 0.0, 4400, 0.0, 0.0, 0.0, 0.0, 0.0, 0.0, 0.0, 0.0, 1.0, 1.0, 1.0, 50.0);
INSERT INTO energy_consumption (Time, V1, V2, V3, I1, I2, I3, P1, P2, P3, Q1, Q2, Q3, S1, S2, S3, PF1, PF2, PF3, F) VALUES (1622732400, 234.5, 234.2, 234.5, 0.0, 0.0, 0.0, 2200, 0.0, 0.0, 0.0, 0.0, 0.0, 0.0, 0.0, 0.0, 1.0, 1.0, 1.0, 50.0);
INSERT INTO energy_consumption (Time, V1, V2, V3, I1, I2, I3, P1, P2, P3, Q1, Q2, Q3, S1, S2, S3, PF1, PF2, PF3, F) VALUES (1622736000, 234.5, 234.2, 234.5, 0.0, 0.0, 0.0, 750, 0.0, 0.0, 0.0, 0.0, 0.0, 0.0, 0.0, 0.0, 1.0, 1.0, 1.0, 50.0);
INSERT INTO energy_consumption (Time, V1, V2, V3, I1, I2, I3, P1, P2, P3, Q1, Q2, Q3, S1, S2, S3, PF1, PF2, PF3, F) VALUES (1622739600, 234.3, 233.9, 234.3, 0.0, 0.0, 0.0, 1850, 0.0, 0.0, 0.0, 0.0, 0.0, 0.0, 0.0, 0.0, 1.0, 1.0, 1.0, 50.0);
INSERT INTO energy_consumption (Time, V1, V2, V3, I1, I2, I3, P1, P2, P3, Q1, Q2, Q3, S1, S2, S3, PF1, PF2, PF3, F) VALUES (1622743200, 234.5, 234.2, 234.5, 0.0, 0.0, 0.0, 900, 0.0, 0.0, 0.0, 0.0, 0.0, 0.0, 0.0, 0.0, 1.0, 1.0, 1.0, 50.0);
INSERT INTO energy_consumption (Time, V1, V2, V3, I1, I2, I3, P1, P2, P3, Q1, Q2, Q3, S1, S2, S3, PF1, PF2, PF3, F) VALUES (1622746800, 234.7, 234.2, 234.6, 0.0, 0.0, 0.0, 1356, 0.0, 0.0, 0.0, 0.0, 0.0, 0.0, 0.0, 0.0, 1.0, 1.0, 1.0, 50.0);
INSERT INTO energy_consumption (Time, V1, V2, V3, I1, I2, I3, P1, P2, P3, Q1, Q2, Q3, S1, S2, S3, PF1, PF2, PF3, F) VALUES (1622750400, 234.3, 233.9, 234.3, 0.0, 0.0, 0.0, 750, 0.0, 0.0, 0.0, 0.0, 0.0, 0.0, 0.0, 0.0, 1.0, 1.0, 1.0, 50.0);
INSERT INTO energy_consumption (Time, V1, V2, V3, I1, I2, I3, P1, P2, P3, Q1, Q2, Q3, S1, S2, S3, PF1, PF2, PF3, F) VALUES (1622754000, 234.5, 234.2, 234.5, 0.0, 0.0, 0.0, 900, 0.0, 0.0, 0.0, 0.0, 0.0, 0.0, 0.0, 0.0, 1.0, 1.0, 1.0, 50.0);
INSERT INTO energy_consumption (Time, V1, V2, V3, I1, I2, I3, P1, P2, P3, Q1, Q2, Q3, S1, S2, S3, PF1, PF2, PF3, F) VALUES (1622757600, 234.7, 234.2, 234.6, 0.0, 0.0, 0.0, 2602, 0.0, 0.0, 0.0, 0.0, 0.0, 0.0, 0.0, 0.0, 1.0, 1.0, 1.0, 50.0);
INSERT INTO energy_consumption (Time, V1, V2, V3, I1, I2, I3, P1, P2, P3, Q1, Q2, Q3, S1, S2, S3, PF1, PF2, PF3, F) VALUES (1622761200, 234.5, 234.1, 234.5, 0.0, 0.0, 0.0, 1260, 0.0, 0.0, 0.0, 0.0, 0.0, 0.0, 0.0, 0.0, 1.0, 1.0, 1.0, 50.0);
INSERT INTO energy_consumption (Time, V1, V2, V3, I1, I2, I3, P1, P2, P3, Q1, Q2, Q3, S1, S2, S3, PF1, PF2, PF3, F) VALUES (1622764800, 234.5, 234.1, 234.7, 0.0, 0.0, 0.0, 3200, 0.0, 0.0, 0.0, 0.0, 0.0, 0.0, 0.0, 0.0, 1.0, 1.0, 1.0, 50.0);
INSERT INTO energy_consumption (Time, V1, V2, V3, I1, I2, I3, P1, P2, P3, Q1, Q2, Q3, S1, S2, S3, PF1, PF2, PF3, F) VALUES (1622768400, 234.6, 234.1, 234.5, 0.0, 0.0, 0.0, 4000, 0.0, 0.0, 0.0, 0.0, 0.0, 0.0, 0.0, 0.0, 1.0, 1.0, 1.0, 50.03);
INSERT INTO energy_consumption (Time, V1, V2, V3, I1, I2, I3, P1, P2, P3, Q1, Q2, Q3, S1, S2, S3, PF1, PF2, PF3, F) VALUES (1622772000, 234.5, 234.1, 234.5, 0.0, 0.0, 0.0, 3200, 0.0, 0.0, 0.0, 0.0, 0.0, 0.0, 0.0, 0.0, 1.0, 1.0, 1.0, 50.0);
INSERT INTO energy_consumption (Time, V1, V2, V3, I1, I2, I3, P1, P2, P3, Q1, Q2, Q3, S1, S2, S3, PF1, PF2, PF3, F) VALUES (1622775600, 234.3, 233.9, 234.3, 0.0, 0.0, 0.0, 2500, 0.0, 0.0, 0.0, 0.0, 0.0, 0.0, 0.0, 0.0, 1.0, 1.0, 1.0, 50.0);
INSERT INTO energy_consumption (Time, V1, V2, V3, I1, I2, I3, P1, P2, P3, Q1, Q2, Q3, S1, S2, S3, PF1, PF2, PF3, F) VALUES (1622779200, 234.5, 234.2, 234.5, 0.0, 0.0, 0.0, 1750, 0.0, 0.0, 0.0, 0.0, 0.0, 0.0, 0.0, 0.0, 1.0, 1.0, 1.0, 50.0);
INSERT INTO energy_consumption (Time, V1, V2, V3, I1, I2, I3, P1, P2, P3, Q1, Q2, Q3, S1, S2, S3, PF1, PF2, PF3, F) VALUES (1622782800, 234.3, 233.9, 234.3, 0.0, 0.0, 0.0, 1200, 0.0, 0.0, 0.0, 0.0, 0.0, 0.0, 0.0, 0.0, 1.0, 1.0, 1.0, 50.0);
INSERT INTO energy_consumption (Time, V1, V2, V3, I1, I2, I3, P1, P2, P3, Q1, Q2, Q3, S1, S2, S3, PF1, PF2, PF3, F) VALUES (1622786400, 234.5, 234.2, 234.5, 0.0, 0.0, 0.0, 456, 0.0, 0.0, 0.0, 0.0, 0.0, 0.0, 0.0, 0.0, 1.0, 1.0, 1.0, 50.0);
INSERT INTO energy_consumption (Time, V1, V2, V3, I1, I2, I3, P1, P2, P3, Q1, Q2, Q3, S1, S2, S3, PF1, PF2, PF3, F) VALUES (1622790000, 234.5, 234.2, 234.5, 0.0, 0.0, 0.0, 850, 0.0, 0.0, 0.0, 0.0, 0.0, 0.0, 0.0, 0.0, 1.0, 1.0, 1.0, 50.0);
INSERT INTO energy_consumption (Time, V1, V2, V3, I1, I2, I3, P1, P2, P3, Q1, Q2, Q3, S1, S2, S3, PF1, PF2, PF3, F) VALUES (1622926800, 234.3, 233.9, 234.3, 0.0, 0.0, 0.0, 0.2, 0.0, 0.0, 0.0, 0.0, 0.0, 0.0, 0.0, 0.0, 1.0, 1.0, 1.0, 50.0);
INSERT INTO energy_consumption (Time, V1, V2, V3, I1, I2, I3, P1, P2, P3, Q1, Q2, Q3, S1, S2, S3, PF1, PF2, PF3, F) VALUES (1622923200, 234.5, 234.2, 234.5, 0.0, 0.0, 0.0, 1960, 0.0, 0.0, 0.0, 0.0, 0.0, 0.0, 0.0, 0.0, 1.0, 1.0, 1.0, 50.0);
INSERT INTO energy_consumption (Time, V1, V2, V3, I1, I2, I3, P1, P2, P3, Q1, Q2, Q3, S1, S2, S3, PF1, PF2, PF3, F) VALUES (1622919600, 234.7, 234.2, 234.6, 0.0, 0.0, 0.0, 3260, 0.0, 0.0, 0.0, 0.0, 0.0, 0.0, 0.0, 0.0, 1.0, 1.0, 1.0, 50.0);
INSERT INTO energy_consumption (Time, V1, V2, V3, I1, I2, I3, P1, P2, P3, Q1, Q2, Q3, S1, S2, S3, PF1, PF2, PF3, F) VALUES (1622966400, 234.6, 234.1, 234.5, 0.0, 0.0, 0.0, 0.3, 0.0, 0.0, 0.0, 0.0, 0.0, 0.0, 0.0, 0.0, 1.0, 1.0, 1.0, 50.03);
INSERT INTO energy_consumption (Time, V1, V2, V3, I1, I2, I3, P1, P2, P3, Q1, Q2, Q3, S1, S2, S3, PF1, PF2, PF3, F) VALUES (1622970000, 234.5, 234.1, 234.5, 0.0, 0.0, 0.0, 0.5, 0.0, 0.0, 0.0, 0.0, 0.0, 0.0, 0.0, 0.0, 1.0, 1.0, 1.0, 50.0);
INSERT INTO energy_consumption (Time, V1, V2, V3, I1, I2, I3, P1, P2, P3, Q1, Q2, Q3, S1, S2, S3, PF1, PF2, PF3, F) VALUES (1622973600, 234.3, 233.9, 234.3, 0.0, 0.0, 0.0, 0.2, 0.0, 0.0, 0.0, 0.0, 0.0, 0.0, 0.0, 0.0, 1.0, 1.0, 1.0, 50.0);
INSERT INTO energy_consumption (Time, V1, V2, V3, I1, I2, I3, P1, P2, P3, Q1, Q2, Q3, S1, S2, S3, PF1, PF2, PF3, F) VALUES (1622977200, 234.5, 234.2, 234.5, 0.0, 0.0, 0.0, 1960, 0.0, 0.0, 0.0, 0.0, 0.0, 0.0, 0.0, 0.0, 1.0, 1.0, 1.0, 50.0);
INSERT INTO energy_consumption (Time, V1, V2, V3, I1, I2, I3, P1, P2, P3, Q1, Q2, Q3, S1, S2, S3, PF1, PF2, PF3, F) VALUES (1622980800, 234.7, 234.2, 234.6, 0.0, 0.0, 0.0, 3260, 0.0, 0.0, 0.0, 0.0, 0.0, 0.0, 0.0, 0.0, 1.0, 1.0, 1.0, 50.0);
INSERT INTO energy_consumption (Time, V1, V2, V3, I1, I2, I3, P1, P2, P3, Q1, Q2, Q3, S1, S2, S3, PF1, PF2, PF3, F) VALUES (1622984400, 234.5, 234.1, 234.5, 0.0, 0.0, 0.0, 2350, 0.0, 0.0, 0.0, 0.0, 0.0, 0.0, 0.0, 0.0, 1.0, 1.0, 1.0, 50.0);
INSERT INTO energy_consumption (Time, V1, V2, V3, I1, I2, I3, P1, P2, P3, Q1, Q2, Q3, S1, S2, S3, PF1, PF2, PF3, F) VALUES (1622988000, 234.5, 234.1, 234.7, 0.0, 0.0, 0.0, 4500, 0.0, 0.0, 0.0, 0.0, 0.0, 0.0, 0.0, 0.0, 1.0, 1.0, 1.0, 50.0);
INSERT INTO energy_consumption (Time, V1, V2, V3, I1, I2, I3, P1, P2, P3, Q1, Q2, Q3, S1, S2, S3, PF1, PF2, PF3, F) VALUES (1622991600, 234.6, 234.1, 234.5, 0.0, 0.0, 0.0, 1155, 0.0, 0.0, 0.0, 0.0, 0.0, 0.0, 0.0, 0.0, 1.0, 1.0, 1.0, 50.03);
INSERT INTO energy_consumption (Time, V1, V2, V3, I1, I2, I3, P1, P2, P3, Q1, Q2, Q3, S1, S2, S3, PF1, PF2, PF3, F) VALUES (1622995200, 234.5, 234.1, 234.5, 0.0, 0.0, 0.0, 3300, 0.0, 0.0, 0.0, 0.0, 0.0, 0.0, 0.0, 0.0, 1.0, 1.0, 1.0, 50.0);
INSERT INTO energy_consumption (Time, V1, V2, V3, I1, I2, I3, P1, P2, P3, Q1, Q2, Q3, S1, S2, S3, PF1, PF2, PF3, F) VALUES (1622998800, 234.3, 233.9, 234.3, 0.0, 0.0, 0.0, 2023, 0.0, 0.0, 0.0, 0.0, 0.0, 0.0, 0.0, 0.0, 1.0, 1.0, 1.0, 50.0);
INSERT INTO energy_consumption (Time, V1, V2, V3, I1, I2, I3, P1, P2, P3, Q1, Q2, Q3, S1, S2, S3, PF1, PF2, PF3, F) VALUES (1623002400, 234.5, 234.2, 234.5, 0.0, 0.0, 0.0, 5050, 0.0, 0.0, 0.0, 0.0, 0.0, 0.0, 0.0, 0.0, 1.0, 1.0, 1.0, 50.0);
INSERT INTO energy_consumption (Time, V1, V2, V3, I1, I2, I3, P1, P2, P3, Q1, Q2, Q3, S1, S2, S3, PF1, PF2, PF3, F) VALUES (1623006000, 234.3, 233.9, 234.3, 0.0, 0.0, 0.0, 4400, 0.0, 0.0, 0.0, 0.0, 0.0, 0.0, 0.0, 0.0, 1.0, 1.0, 1.0, 50.0);
INSERT INTO energy_consumption (Time, V1, V2, V3, I1, I2, I3, P1, P2, P3, Q1, Q2, Q3, S1, S2, S3, PF1, PF2, PF3, F) VALUES (1623009600, 234.5, 234.2, 234.5, 0.0, 0.0, 0.0, 2200, 0.0, 0.0, 0.0, 0.0, 0.0, 0.0, 0.0, 0.0, 1.0, 1.0, 1.0, 50.0);
INSERT INTO energy_consumption (Time, V1, V2, V3, I1, I2, I3, P1, P2, P3, Q1, Q2, Q3, S1, S2, S3, PF1, PF2, PF3, F) VALUES (1623013200, 234.5, 234.2, 234.5, 0.0, 0.0, 0.0, 750, 0.0, 0.0, 0.0, 0.0, 0.0, 0.0, 0.0, 0.0, 1.0, 1.0, 1.0, 50.0);
INSERT INTO energy_consumption (Time, V1, V2, V3, I1, I2, I3, P1, P2, P3, Q1, Q2, Q3, S1, S2, S3, PF1, PF2, PF3, F) VALUES (1623016800, 234.3, 233.9, 234.3, 0.0, 0.0, 0.0, 1850, 0.0, 0.0, 0.0, 0.0, 0.0, 0.0, 0.0, 0.0, 1.0, 1.0, 1.0, 50.0);
INSERT INTO energy_consumption (Time, V1, V2, V3, I1, I2, I3, P1, P2, P3, Q1, Q2, Q3, S1, S2, S3, PF1, PF2, PF3, F) VALUES (1623020400, 234.5, 234.2, 234.5, 0.0, 0.0, 0.0, 900, 0.0, 0.0, 0.0, 0.0, 0.0, 0.0, 0.0, 0.0, 1.0, 1.0, 1.0, 50.0);
INSERT INTO energy_consumption (Time, V1, V2, V3, I1, I2, I3, P1, P2, P3, Q1, Q2, Q3, S1, S2, S3, PF1, PF2, PF3, F) VALUES (1623024000, 234.7, 234.2, 234.6, 0.0, 0.0, 0.0, 1356, 0.0, 0.0, 0.0, 0.0, 0.0, 0.0, 0.0, 0.0, 1.0, 1.0, 1.0, 50.0);
INSERT INTO energy_consumption (Time, V1, V2, V3, I1, I2, I3, P1, P2, P3, Q1, Q2, Q3, S1, S2, S3, PF1, PF2, PF3, F) VALUES (1623027600, 234.3, 233.9, 234.3, 0.0, 0.0, 0.0, 750, 0.0, 0.0, 0.0, 0.0, 0.0, 0.0, 0.0, 0.0, 1.0, 1.0, 1.0, 50.0);
INSERT INTO energy_consumption (Time, V1, V2, V3, I1, I2, I3, P1, P2, P3, Q1, Q2, Q3, S1, S2, S3, PF1, PF2, PF3, F) VALUES (1623031200, 234.5, 234.2, 234.5, 0.0, 0.0, 0.0, 900, 0.0, 0.0, 0.0, 0.0, 0.0, 0.0, 0.0, 0.0, 1.0, 1.0, 1.0, 50.0);
INSERT INTO energy_consumption (Time, V1, V2, V3, I1, I2, I3, P1, P2, P3, Q1, Q2, Q3, S1, S2, S3, PF1, PF2, PF3, F) VALUES (1623034800, 234.7, 234.2, 234.6, 0.0, 0.0, 0.0, 2602, 0.0, 0.0, 0.0, 0.0, 0.0, 0.0, 0.0, 0.0, 1.0, 1.0, 1.0, 50.0);
INSERT INTO energy_consumption (Time, V1, V2, V3, I1, I2, I3, P1, P2, P3, Q1, Q2, Q3, S1, S2, S3, PF1, PF2, PF3, F) VALUES (1623038400, 234.5, 234.1, 234.5, 0.0, 0.0, 0.0, 1260, 0.0, 0.0, 0.0, 0.0, 0.0, 0.0, 0.0, 0.0, 1.0, 1.0, 1.0, 50.0);
INSERT INTO energy_consumption (Time, V1, V2, V3, I1, I2, I3, P1, P2, P3, Q1, Q2, Q3, S1, S2, S3, PF1, PF2, PF3, F) VALUES (1623042000, 234.5, 234.1, 234.7, 0.0, 0.0, 0.0, 3200, 0.0, 0.0, 0.0, 0.0, 0.0, 0.0, 0.0, 0.0, 1.0, 1.0, 1.0, 50.0);
INSERT INTO energy_consumption (Time, V1, V2, V3, I1, I2, I3, P1, P2, P3, Q1, Q2, Q3, S1, S2, S3, PF1, PF2, PF3, F) VALUES (1623045600, 234.6, 234.1, 234.5, 0.0, 0.0, 0.0, 4000, 0.0, 0.0, 0.0, 0.0, 0.0, 0.0, 0.0, 0.0, 1.0, 1.0, 1.0, 50.03);
INSERT INTO energy_consumption (Time, V1, V2, V3, I1, I2, I3, P1, P2, P3, Q1, Q2, Q3, S1, S2, S3, PF1, PF2, PF3, F) VALUES (1623049200, 234.5, 234.1, 234.5, 0.0, 0.0, 0.0, 3200, 0.0, 0.0, 0.0, 0.0, 0.0, 0.0, 0.0, 0.0, 1.0, 1.0, 1.0, 50.0);
INSERT INTO energy_consumption (Time, V1, V2, V3, I1, I2, I3, P1, P2, P3, Q1, Q2, Q3, S1, S2, S3, PF1, PF2, PF3, F) VALUES (1623052800, 234.3, 233.9, 234.3, 0.0, 0.0, 0.0, 2500, 0.0, 0.0, 0.0, 0.0, 0.0, 0.0, 0.0, 0.0, 1.0, 1.0, 1.0, 50.0);
INSERT INTO energy_consumption (Time, V1, V2, V3, I1, I2, I3, P1, P2, P3, Q1, Q2, Q3, S1, S2, S3, PF1, PF2, PF3, F) VALUES (1623056400, 234.6, 234.1, 234.5, 0.0, 0.0, 0.0, 0.3, 0.0, 0.0, 0.0, 0.0, 0.0, 0.0, 0.0, 0.0, 1.0, 1.0, 1.0, 50.03);
INSERT INTO energy_consumption (Time, V1, V2, V3, I1, I2, I3, P1, P2, P3, Q1, Q2, Q3, S1, S2, S3, PF1, PF2, PF3, F) VALUES (1623060000, 234.5, 234.1, 234.5, 0.0, 0.0, 0.0, 0.5, 0.0, 0.0, 0.0, 0.0, 0.0, 0.0, 0.0, 0.0, 1.0, 1.0, 1.0, 50.0);


INSERT INTO energy_production (Time, V1, V2, V3, I1, I2, I3, P1, P2, P3, Q1, Q2, Q3, S1, S2, S3, PF1, PF2, PF3, F) VALUES (1622689247, 234.6, 234.1, 234.5, 0.0, 0.0, 0.0, 0.3, 0.0, 0.0, 0.0, 0.0, 0.0, 0.0, 0.0, 0.0, 1.0, 1.0, 1.0, 50.03);
INSERT INTO energy_production (Time, V1, V2, V3, I1, I2, I3, P1, P2, P3, Q1, Q2, Q3, S1, S2, S3, PF1, PF2, PF3, F) VALUES (1622692847, 234.5, 234.1, 234.5, 0.0, 0.0, 0.0, 0.5, 0.0, 0.0, 0.0, 0.0, 0.0, 0.0, 0.0, 0.0, 1.0, 1.0, 1.0, 50.0);
INSERT INTO energy_production (Time, V1, V2, V3, I1, I2, I3, P1, P2, P3, Q1, Q2, Q3, S1, S2, S3, PF1, PF2, PF3, F) VALUES (1622696447, 234.3, 233.9, 234.3, 0.0, 0.0, 0.0, 0.2, 0.0, 0.0, 0.0, 0.0, 0.0, 0.0, 0.0, 0.0, 1.0, 1.0, 1.0, 50.0);
INSERT INTO energy_production (Time, V1, V2, V3, I1, I2, I3, P1, P2, P3, Q1, Q2, Q3, S1, S2, S3, PF1, PF2, PF3, F) VALUES (1622700047, 234.5, 234.2, 234.5, 0.0, 0.0, 0.0, 1960, 0.0, 0.0, 0.0, 0.0, 0.0, 0.0, 0.0, 0.0, 1.0, 1.0, 1.0, 50.0);
INSERT INTO energy_production (Time, V1, V2, V3, I1, I2, I3, P1, P2, P3, Q1, Q2, Q3, S1, S2, S3, PF1, PF2, PF3, F) VALUES (1622703647, 234.7, 234.2, 234.6, 0.0, 0.0, 0.0, 3260, 0.0, 0.0, 0.0, 0.0, 0.0, 0.0, 0.0, 0.0, 1.0, 1.0, 1.0, 50.0);
INSERT INTO energy_production (Time, V1, V2, V3, I1, I2, I3, P1, P2, P3, Q1, Q2, Q3, S1, S2, S3, PF1, PF2, PF3, F) VALUES (1622707247, 234.5, 234.1, 234.5, 0.0, 0.0, 0.0, 2350, 0.0, 0.0, 0.0, 0.0, 0.0, 0.0, 0.0, 0.0, 1.0, 1.0, 1.0, 50.0);
INSERT INTO energy_production (Time, V1, V2, V3, I1, I2, I3, P1, P2, P3, Q1, Q2, Q3, S1, S2, S3, PF1, PF2, PF3, F) VALUES (1622710800, 234.5, 234.1, 234.7, 0.0, 0.0, 0.0, 4500, 0.0, 0.0, 0.0, 0.0, 0.0, 0.0, 0.0, 0.0, 1.0, 1.0, 1.0, 50.0);
INSERT INTO energy_production (Time, V1, V2, V3, I1, I2, I3, P1, P2, P3, Q1, Q2, Q3, S1, S2, S3, PF1, PF2, PF3, F) VALUES (1622714400, 234.6, 234.1, 234.5, 0.0, 0.0, 0.0, 1155, 0.0, 0.0, 0.0, 0.0, 0.0, 0.0, 0.0, 0.0, 1.0, 1.0, 1.0, 50.03);
INSERT INTO energy_production (Time, V1, V2, V3, I1, I2, I3, P1, P2, P3, Q1, Q2, Q3, S1, S2, S3, PF1, PF2, PF3, F) VALUES (1622718000, 234.5, 234.1, 234.5, 0.0, 0.0, 0.0, 3300, 0.0, 0.0, 0.0, 0.0, 0.0, 0.0, 0.0, 0.0, 1.0, 1.0, 1.0, 50.0);
INSERT INTO energy_production (Time, V1, V2, V3, I1, I2, I3, P1, P2, P3, Q1, Q2, Q3, S1, S2, S3, PF1, PF2, PF3, F) VALUES (1622721600, 234.3, 233.9, 234.3, 0.0, 0.0, 0.0, 2023, 0.0, 0.0, 0.0, 0.0, 0.0, 0.0, 0.0, 0.0, 1.0, 1.0, 1.0, 50.0);
INSERT INTO energy_production (Time, V1, V2, V3, I1, I2, I3, P1, P2, P3, Q1, Q2, Q3, S1, S2, S3, PF1, PF2, PF3, F) VALUES (1622725200, 234.5, 234.2, 234.5, 0.0, 0.0, 0.0, 5050, 0.0, 0.0, 0.0, 0.0, 0.0, 0.0, 0.0, 0.0, 1.0, 1.0, 1.0, 50.0);
INSERT INTO energy_production (Time, V1, V2, V3, I1, I2, I3, P1, P2, P3, Q1, Q2, Q3, S1, S2, S3, PF1, PF2, PF3, F) VALUES (1622728800, 234.3, 233.9, 234.3, 0.0, 0.0, 0.0, 4400, 0.0, 0.0, 0.0, 0.0, 0.0, 0.0, 0.0, 0.0, 1.0, 1.0, 1.0, 50.0);
INSERT INTO energy_production (Time, V1, V2, V3, I1, I2, I3, P1, P2, P3, Q1, Q2, Q3, S1, S2, S3, PF1, PF2, PF3, F) VALUES (1622732400, 234.5, 234.2, 234.5, 0.0, 0.0, 0.0, 2200, 0.0, 0.0, 0.0, 0.0, 0.0, 0.0, 0.0, 0.0, 1.0, 1.0, 1.0, 50.0);
INSERT INTO energy_production (Time, V1, V2, V3, I1, I2, I3, P1, P2, P3, Q1, Q2, Q3, S1, S2, S3, PF1, PF2, PF3, F) VALUES (1622736000, 234.5, 234.2, 234.5, 0.0, 0.0, 0.0, 750, 0.0, 0.0, 0.0, 0.0, 0.0, 0.0, 0.0, 0.0, 1.0, 1.0, 1.0, 50.0);
INSERT INTO energy_production (Time, V1, V2, V3, I1, I2, I3, P1, P2, P3, Q1, Q2, Q3, S1, S2, S3, PF1, PF2, PF3, F) VALUES (1622739600, 234.3, 233.9, 234.3, 0.0, 0.0, 0.0, 1850, 0.0, 0.0, 0.0, 0.0, 0.0, 0.0, 0.0, 0.0, 1.0, 1.0, 1.0, 50.0);
INSERT INTO energy_production (Time, V1, V2, V3, I1, I2, I3, P1, P2, P3, Q1, Q2, Q3, S1, S2, S3, PF1, PF2, PF3, F) VALUES (1622743200, 234.5, 234.2, 234.5, 0.0, 0.0, 0.0, 900, 0.0, 0.0, 0.0, 0.0, 0.0, 0.0, 0.0, 0.0, 1.0, 1.0, 1.0, 50.0);
INSERT INTO energy_production (Time, V1, V2, V3, I1, I2, I3, P1, P2, P3, Q1, Q2, Q3, S1, S2, S3, PF1, PF2, PF3, F) VALUES (1622746800, 234.7, 234.2, 234.6, 0.0, 0.0, 0.0, 1356, 0.0, 0.0, 0.0, 0.0, 0.0, 0.0, 0.0, 0.0, 1.0, 1.0, 1.0, 50.0);
INSERT INTO energy_production (Time, V1, V2, V3, I1, I2, I3, P1, P2, P3, Q1, Q2, Q3, S1, S2, S3, PF1, PF2, PF3, F) VALUES (1622750400, 234.3, 233.9, 234.3, 0.0, 0.0, 0.0, 750, 0.0, 0.0, 0.0, 0.0, 0.0, 0.0, 0.0, 0.0, 1.0, 1.0, 1.0, 50.0);
INSERT INTO energy_production (Time, V1, V2, V3, I1, I2, I3, P1, P2, P3, Q1, Q2, Q3, S1, S2, S3, PF1, PF2, PF3, F) VALUES (1622754000, 234.5, 234.2, 234.5, 0.0, 0.0, 0.0, 900, 0.0, 0.0, 0.0, 0.0, 0.0, 0.0, 0.0, 0.0, 1.0, 1.0, 1.0, 50.0);
INSERT INTO energy_production (Time, V1, V2, V3, I1, I2, I3, P1, P2, P3, Q1, Q2, Q3, S1, S2, S3, PF1, PF2, PF3, F) VALUES (1622757600, 234.7, 234.2, 234.6, 0.0, 0.0, 0.0, 2602, 0.0, 0.0, 0.0, 0.0, 0.0, 0.0, 0.0, 0.0, 1.0, 1.0, 1.0, 50.0);
INSERT INTO energy_production (Time, V1, V2, V3, I1, I2, I3, P1, P2, P3, Q1, Q2, Q3, S1, S2, S3, PF1, PF2, PF3, F) VALUES (1622761200, 234.5, 234.1, 234.5, 0.0, 0.0, 0.0, 1260, 0.0, 0.0, 0.0, 0.0, 0.0, 0.0, 0.0, 0.0, 1.0, 1.0, 1.0, 50.0);
INSERT INTO energy_production (Time, V1, V2, V3, I1, I2, I3, P1, P2, P3, Q1, Q2, Q3, S1, S2, S3, PF1, PF2, PF3, F) VALUES (1622764800, 234.5, 234.1, 234.7, 0.0, 0.0, 0.0, 3200, 0.0, 0.0, 0.0, 0.0, 0.0, 0.0, 0.0, 0.0, 1.0, 1.0, 1.0, 50.0);
INSERT INTO energy_production (Time, V1, V2, V3, I1, I2, I3, P1, P2, P3, Q1, Q2, Q3, S1, S2, S3, PF1, PF2, PF3, F) VALUES (1622768400, 234.6, 234.1, 234.5, 0.0, 0.0, 0.0, 4000, 0.0, 0.0, 0.0, 0.0, 0.0, 0.0, 0.0, 0.0, 1.0, 1.0, 1.0, 50.03);
INSERT INTO energy_production (Time, V1, V2, V3, I1, I2, I3, P1, P2, P3, Q1, Q2, Q3, S1, S2, S3, PF1, PF2, PF3, F) VALUES (1622772000, 234.5, 234.1, 234.5, 0.0, 0.0, 0.0, 3200, 0.0, 0.0, 0.0, 0.0, 0.0, 0.0, 0.0, 0.0, 1.0, 1.0, 1.0, 50.0);
INSERT INTO energy_production (Time, V1, V2, V3, I1, I2, I3, P1, P2, P3, Q1, Q2, Q3, S1, S2, S3, PF1, PF2, PF3, F) VALUES (1622775600, 234.3, 233.9, 234.3, 0.0, 0.0, 0.0, 2500, 0.0, 0.0, 0.0, 0.0, 0.0, 0.0, 0.0, 0.0, 1.0, 1.0, 1.0, 50.0);
INSERT INTO energy_production (Time, V1, V2, V3, I1, I2, I3, P1, P2, P3, Q1, Q2, Q3, S1, S2, S3, PF1, PF2, PF3, F) VALUES (1622779200, 234.5, 234.2, 234.5, 0.0, 0.0, 0.0, 1750, 0.0, 0.0, 0.0, 0.0, 0.0, 0.0, 0.0, 0.0, 1.0, 1.0, 1.0, 50.0);
INSERT INTO energy_production (Time, V1, V2, V3, I1, I2, I3, P1, P2, P3, Q1, Q2, Q3, S1, S2, S3, PF1, PF2, PF3, F) VALUES (1622782800, 234.3, 233.9, 234.3, 0.0, 0.0, 0.0, 1200, 0.0, 0.0, 0.0, 0.0, 0.0, 0.0, 0.0, 0.0, 1.0, 1.0, 1.0, 50.0);
INSERT INTO energy_production (Time, V1, V2, V3, I1, I2, I3, P1, P2, P3, Q1, Q2, Q3, S1, S2, S3, PF1, PF2, PF3, F) VALUES (1622786400, 234.5, 234.2, 234.5, 0.0, 0.0, 0.0, 456, 0.0, 0.0, 0.0, 0.0, 0.0, 0.0, 0.0, 0.0, 1.0, 1.0, 1.0, 50.0);
INSERT INTO energy_production (Time, V1, V2, V3, I1, I2, I3, P1, P2, P3, Q1, Q2, Q3, S1, S2, S3, PF1, PF2, PF3, F) VALUES (1622790000, 234.5, 234.2, 234.5, 0.0, 0.0, 0.0, 850, 0.0, 0.0, 0.0, 0.0, 0.0, 0.0, 0.0, 0.0, 1.0, 1.0, 1.0, 50.0);
INSERT INTO energy_production (Time, V1, V2, V3, I1, I2, I3, P1, P2, P3, Q1, Q2, Q3, S1, S2, S3, PF1, PF2, PF3, F) VALUES (1622926800, 234.3, 233.9, 234.3, 0.0, 0.0, 0.0, 0.2, 0.0, 0.0, 0.0, 0.0, 0.0, 0.0, 0.0, 0.0, 1.0, 1.0, 1.0, 50.0);
INSERT INTO energy_production (Time, V1, V2, V3, I1, I2, I3, P1, P2, P3, Q1, Q2, Q3, S1, S2, S3, PF1, PF2, PF3, F) VALUES (1622923200, 234.5, 234.2, 234.5, 0.0, 0.0, 0.0, 1960, 0.0, 0.0, 0.0, 0.0, 0.0, 0.0, 0.0, 0.0, 1.0, 1.0, 1.0, 50.0);
INSERT INTO energy_production (Time, V1, V2, V3, I1, I2, I3, P1, P2, P3, Q1, Q2, Q3, S1, S2, S3, PF1, PF2, PF3, F) VALUES (1622919600, 234.7, 234.2, 234.6, 0.0, 0.0, 0.0, 3260, 0.0, 0.0, 0.0, 0.0, 0.0, 0.0, 0.0, 0.0, 1.0, 1.0, 1.0, 50.0);
INSERT INTO energy_production (Time, V1, V2, V3, I1, I2, I3, P1, P2, P3, Q1, Q2, Q3, S1, S2, S3, PF1, PF2, PF3, F) VALUES (1622966400, 234.6, 234.1, 234.5, 0.0, 0.0, 0.0, 0.3, 0.0, 0.0, 0.0, 0.0, 0.0, 0.0, 0.0, 0.0, 1.0, 1.0, 1.0, 50.03);
INSERT INTO energy_production (Time, V1, V2, V3, I1, I2, I3, P1, P2, P3, Q1, Q2, Q3, S1, S2, S3, PF1, PF2, PF3, F) VALUES (1622970000, 234.5, 234.1, 234.5, 0.0, 0.0, 0.0, 0.5, 0.0, 0.0, 0.0, 0.0, 0.0, 0.0, 0.0, 0.0, 1.0, 1.0, 1.0, 50.0);
INSERT INTO energy_production (Time, V1, V2, V3, I1, I2, I3, P1, P2, P3, Q1, Q2, Q3, S1, S2, S3, PF1, PF2, PF3, F) VALUES (1622973600, 234.3, 233.9, 234.3, 0.0, 0.0, 0.0, 0.2, 0.0, 0.0, 0.0, 0.0, 0.0, 0.0, 0.0, 0.0, 1.0, 1.0, 1.0, 50.0);
INSERT INTO energy_production (Time, V1, V2, V3, I1, I2, I3, P1, P2, P3, Q1, Q2, Q3, S1, S2, S3, PF1, PF2, PF3, F) VALUES (1622977200, 234.5, 234.2, 234.5, 0.0, 0.0, 0.0, 1960, 0.0, 0.0, 0.0, 0.0, 0.0, 0.0, 0.0, 0.0, 1.0, 1.0, 1.0, 50.0);
INSERT INTO energy_production (Time, V1, V2, V3, I1, I2, I3, P1, P2, P3, Q1, Q2, Q3, S1, S2, S3, PF1, PF2, PF3, F) VALUES (1622980800, 234.7, 234.2, 234.6, 0.0, 0.0, 0.0, 3260, 0.0, 0.0, 0.0, 0.0, 0.0, 0.0, 0.0, 0.0, 1.0, 1.0, 1.0, 50.0);
INSERT INTO energy_production (Time, V1, V2, V3, I1, I2, I3, P1, P2, P3, Q1, Q2, Q3, S1, S2, S3, PF1, PF2, PF3, F) VALUES (1622984400, 234.5, 234.1, 234.5, 0.0, 0.0, 0.0, 2350, 0.0, 0.0, 0.0, 0.0, 0.0, 0.0, 0.0, 0.0, 1.0, 1.0, 1.0, 50.0);
INSERT INTO energy_production (Time, V1, V2, V3, I1, I2, I3, P1, P2, P3, Q1, Q2, Q3, S1, S2, S3, PF1, PF2, PF3, F) VALUES (1622988000, 234.5, 234.1, 234.7, 0.0, 0.0, 0.0, 4500, 0.0, 0.0, 0.0, 0.0, 0.0, 0.0, 0.0, 0.0, 1.0, 1.0, 1.0, 50.0);
INSERT INTO energy_production (Time, V1, V2, V3, I1, I2, I3, P1, P2, P3, Q1, Q2, Q3, S1, S2, S3, PF1, PF2, PF3, F) VALUES (1622991600, 234.6, 234.1, 234.5, 0.0, 0.0, 0.0, 1155, 0.0, 0.0, 0.0, 0.0, 0.0, 0.0, 0.0, 0.0, 1.0, 1.0, 1.0, 50.03);
INSERT INTO energy_production (Time, V1, V2, V3, I1, I2, I3, P1, P2, P3, Q1, Q2, Q3, S1, S2, S3, PF1, PF2, PF3, F) VALUES (1622995200, 234.5, 234.1, 234.5, 0.0, 0.0, 0.0, 3300, 0.0, 0.0, 0.0, 0.0, 0.0, 0.0, 0.0, 0.0, 1.0, 1.0, 1.0, 50.0);
INSERT INTO energy_production (Time, V1, V2, V3, I1, I2, I3, P1, P2, P3, Q1, Q2, Q3, S1, S2, S3, PF1, PF2, PF3, F) VALUES (1622998800, 234.3, 233.9, 234.3, 0.0, 0.0, 0.0, 2023, 0.0, 0.0, 0.0, 0.0, 0.0, 0.0, 0.0, 0.0, 1.0, 1.0, 1.0, 50.0);
INSERT INTO energy_production (Time, V1, V2, V3, I1, I2, I3, P1, P2, P3, Q1, Q2, Q3, S1, S2, S3, PF1, PF2, PF3, F) VALUES (1623002400, 234.5, 234.2, 234.5, 0.0, 0.0, 0.0, 5050, 0.0, 0.0, 0.0, 0.0, 0.0, 0.0, 0.0, 0.0, 1.0, 1.0, 1.0, 50.0);
INSERT INTO energy_production (Time, V1, V2, V3, I1, I2, I3, P1, P2, P3, Q1, Q2, Q3, S1, S2, S3, PF1, PF2, PF3, F) VALUES (1623006000, 234.3, 233.9, 234.3, 0.0, 0.0, 0.0, 4400, 0.0, 0.0, 0.0, 0.0, 0.0, 0.0, 0.0, 0.0, 1.0, 1.0, 1.0, 50.0);
INSERT INTO energy_production (Time, V1, V2, V3, I1, I2, I3, P1, P2, P3, Q1, Q2, Q3, S1, S2, S3, PF1, PF2, PF3, F) VALUES (1623009600, 234.5, 234.2, 234.5, 0.0, 0.0, 0.0, 2200, 0.0, 0.0, 0.0, 0.0, 0.0, 0.0, 0.0, 0.0, 1.0, 1.0, 1.0, 50.0);
INSERT INTO energy_production (Time, V1, V2, V3, I1, I2, I3, P1, P2, P3, Q1, Q2, Q3, S1, S2, S3, PF1, PF2, PF3, F) VALUES (1623013200, 234.5, 234.2, 234.5, 0.0, 0.0, 0.0, 750, 0.0, 0.0, 0.0, 0.0, 0.0, 0.0, 0.0, 0.0, 1.0, 1.0, 1.0, 50.0);
INSERT INTO energy_production (Time, V1, V2, V3, I1, I2, I3, P1, P2, P3, Q1, Q2, Q3, S1, S2, S3, PF1, PF2, PF3, F) VALUES (1623016800, 234.3, 233.9, 234.3, 0.0, 0.0, 0.0, 1850, 0.0, 0.0, 0.0, 0.0, 0.0, 0.0, 0.0, 0.0, 1.0, 1.0, 1.0, 50.0);
INSERT INTO energy_production (Time, V1, V2, V3, I1, I2, I3, P1, P2, P3, Q1, Q2, Q3, S1, S2, S3, PF1, PF2, PF3, F) VALUES (1623020400, 234.5, 234.2, 234.5, 0.0, 0.0, 0.0, 900, 0.0, 0.0, 0.0, 0.0, 0.0, 0.0, 0.0, 0.0, 1.0, 1.0, 1.0, 50.0);
INSERT INTO energy_production (Time, V1, V2, V3, I1, I2, I3, P1, P2, P3, Q1, Q2, Q3, S1, S2, S3, PF1, PF2, PF3, F) VALUES (1623024000, 234.7, 234.2, 234.6, 0.0, 0.0, 0.0, 1356, 0.0, 0.0, 0.0, 0.0, 0.0, 0.0, 0.0, 0.0, 1.0, 1.0, 1.0, 50.0);
INSERT INTO energy_production (Time, V1, V2, V3, I1, I2, I3, P1, P2, P3, Q1, Q2, Q3, S1, S2, S3, PF1, PF2, PF3, F) VALUES (1623027600, 234.3, 233.9, 234.3, 0.0, 0.0, 0.0, 750, 0.0, 0.0, 0.0, 0.0, 0.0, 0.0, 0.0, 0.0, 1.0, 1.0, 1.0, 50.0);
INSERT INTO energy_production (Time, V1, V2, V3, I1, I2, I3, P1, P2, P3, Q1, Q2, Q3, S1, S2, S3, PF1, PF2, PF3, F) VALUES (1623031200, 234.5, 234.2, 234.5, 0.0, 0.0, 0.0, 900, 0.0, 0.0, 0.0, 0.0, 0.0, 0.0, 0.0, 0.0, 1.0, 1.0, 1.0, 50.0);
INSERT INTO energy_production (Time, V1, V2, V3, I1, I2, I3, P1, P2, P3, Q1, Q2, Q3, S1, S2, S3, PF1, PF2, PF3, F) VALUES (1623034800, 234.7, 234.2, 234.6, 0.0, 0.0, 0.0, 2602, 0.0, 0.0, 0.0, 0.0, 0.0, 0.0, 0.0, 0.0, 1.0, 1.0, 1.0, 50.0);
INSERT INTO energy_production (Time, V1, V2, V3, I1, I2, I3, P1, P2, P3, Q1, Q2, Q3, S1, S2, S3, PF1, PF2, PF3, F) VALUES (1623038400, 234.5, 234.1, 234.5, 0.0, 0.0, 0.0, 1260, 0.0, 0.0, 0.0, 0.0, 0.0, 0.0, 0.0, 0.0, 1.0, 1.0, 1.0, 50.0);
INSERT INTO energy_production (Time, V1, V2, V3, I1, I2, I3, P1, P2, P3, Q1, Q2, Q3, S1, S2, S3, PF1, PF2, PF3, F) VALUES (1623042000, 234.5, 234.1, 234.7, 0.0, 0.0, 0.0, 3200, 0.0, 0.0, 0.0, 0.0, 0.0, 0.0, 0.0, 0.0, 1.0, 1.0, 1.0, 50.0);
INSERT INTO energy_production (Time, V1, V2, V3, I1, I2, I3, P1, P2, P3, Q1, Q2, Q3, S1, S2, S3, PF1, PF2, PF3, F) VALUES (1623045600, 234.6, 234.1, 234.5, 0.0, 0.0, 0.0, 4000, 0.0, 0.0, 0.0, 0.0, 0.0, 0.0, 0.0, 0.0, 1.0, 1.0, 1.0, 50.03);
INSERT INTO energy_production (Time, V1, V2, V3, I1, I2, I3, P1, P2, P3, Q1, Q2, Q3, S1, S2, S3, PF1, PF2, PF3, F) VALUES (1623049200, 234.5, 234.1, 234.5, 0.0, 0.0, 0.0, 3200, 0.0, 0.0, 0.0, 0.0, 0.0, 0.0, 0.0, 0.0, 1.0, 1.0, 1.0, 50.0);
INSERT INTO energy_production (Time, V1, V2, V3, I1, I2, I3, P1, P2, P3, Q1, Q2, Q3, S1, S2, S3, PF1, PF2, PF3, F) VALUES (1623052800, 234.3, 233.9, 234.3, 0.0, 0.0, 0.0, 2500, 0.0, 0.0, 0.0, 0.0, 0.0, 0.0, 0.0, 0.0, 1.0, 1.0, 1.0, 50.0);
INSERT INTO energy_production (Time, V1, V2, V3, I1, I2, I3, P1, P2, P3, Q1, Q2, Q3, S1, S2, S3, PF1, PF2, PF3, F) VALUES (1623056400, 234.6, 234.1, 234.5, 0.0, 0.0, 0.0, 0.3, 0.0, 0.0, 0.0, 0.0, 0.0, 0.0, 0.0, 0.0, 1.0, 1.0, 1.0, 50.03);
INSERT INTO energy_production (Time, V1, V2, V3, I1, I2, I3, P1, P2, P3, Q1, Q2, Q3, S1, S2, S3, PF1, PF2, PF3, F) VALUES (1623060000, 234.5, 234.1, 234.5, 0.0, 0.0, 0.0, 0.5, 0.0, 0.0, 0.0, 0.0, 0.0, 0.0, 0.0, 0.0, 1.0, 1.0, 1.0, 50.0);

INSERT INTO prediction_data (predicted_on, predicted_date, prediction) VALUES ('2021-04-23 9:00:00', '2021-04-21 8:45:14', 2.9);
INSERT INTO prediction_data (predicted_on, predicted_date, prediction) VALUES ('2021-04-23 9:00:00', '2021-04-21 9:45:14', 23.2);